"","bblid"
"1",80010
"4",80043
"6",80092
"8",80117
"10",80134
"11",80137
"15",80179
"17",80196
"18",80199
"20",80214
"24",80249
"28",80268
"30",80287
"36",80345
"38",80351
"39",80360
"41",80373
"46",80396
"48",80405
"49",80417
"51",80429
"53",80441
"54",80444
"56",80452
"61",80487
"64",80500
"65",80505
"70",80537
"73",80557
"76",80575
"77",80578
"78",80586
"80",80603
"81",80606
"86",80632
"89",80660
"94",80686
"95",80688
"97",80693
"100",80703
"109",80765
"112",80772
"118",80801
"120",80814
"124",80837
"126",80854
"131",80889
"134",80898
"137",80910
"140",80941
"141",80955
"146",80976
"149",80993
"151",81002
"153",81007
"154",81016
"157",81028
"160",81040
"161",81043
"163",81047
"167",81068
"172",81093
"174",81125
"176",81151
"179",81162
"180",81172
"181",81178
"184",81222
"187",81233
"191",81265
"193",81287
"194",81303
"197",81319
"198",81323
"201",81353
"202",81355
"209",81381
"210",81387
"212",81407
"213",81409
"222",81456
"223",81462
"225",81468
"228",81506
"234",81528
"237",81544
"241",81582
"246",81618
"248",81633
"250",81644
"251",81650
"253",81659
"256",81676
"259",81705
"264",81729
"265",81736
"271",81757
"274",81774
"284",81826
"288",81861
"289",81865
"290",81870
"291",81876
"293",81890
"294",81900
"295",81903
"297",81909
"302",81939
"303",81943
"304",81946
"306",81949
"307",81964
"308",81970
"309",81973
"311",81982
"312",81989
"313",81992
"317",82021
"318",82039
"319",82042
"322",82051
"328",82092
"329",82096
"331",82105
"332",82111
"334",82138
"350",82199
"352",82208
"353",82217
"355",82226
"357",82232
"362",82270
"363",82272
"368",82290
"370",82311
"371",82316
"375",82336
"376",82347
"380",82359
"381",82361
"382",82364
"383",82373
"388",82412
"390",82423
"391",82426
"392",82431
"395",82458
"397",82467
"398",82470
"399",82475
"400",82489
"402",82497
"405",82521
"408",82537
"409",82545
"414",82565
"418",82582
"419",82587
"420",82593
"421",82602
"422",82610
"426",82645
"427",82647
"437",82693
"441",82754
"443",82773
"446",82793
"447",82796
"449",82820
"450",82825
"451",82828
"462",82873
"463",82877
"470",82914
"472",82920
"475",82935
"476",82938
"481",82970
"483",82982
"494",83039
"500",83077
"501",83080
"503",83086
"505",83103
"513",83147
"516",83169
"520",83207
"521",83210
"525",83253
"532",83296
"533",83301
"534",83308
"536",83313
"539",83328
"541",83347
"544",83372
"547",83393
"548",83395
"549",83398
"550",83401
"553",83423
"556",83435
"559",83454
"570",83513
"573",83525
"584",83570
"585",83580
"587",83592
"588",83604
"591",83621
"593",83635
"596",83657
"597",83660
"599",83666
"604",83705
"608",83719
"615",83764
"616",83767
"617",83770
"620",83788
"621",83797
"623",83815
"624",83826
"626",83832
"627",83835
"636",83891
"637",83902
"649",83964
"650",83972
"653",83987
"657",84002
"661",84038
"666",84053
"667",84059
"668",84064
"669",84067
"670",84069
"673",84096
"682",84139
"688",84163
"689",84165
"690",84166
"691",84168
"692",84171
"693",84174
"697",84203
"705",84258
"707",84279
"712",84308
"719",84332
"724",84356
"727",84365
"731",84385
"737",84418
"738",84421
"743",84440
"746",84451
"750",84473
"751",84476
"754",84496
"761",84521
"770",84569
"774",84594
"776",84612
"786",84670
"788",84685
"789",84688
"793",84714
"794",84717
"799",84743
"800",84746
"807",84774
"814",84809
"816",84816
"819",84824
"821",84832
"828",84885
"829",84891
"833",84923
"836",84951
"839",84970
"848",85028
"857",85063
"862",85083
"863",85086
"865",85091
"867",85101
"874",85139
"877",85162
"878",85165
"883",85184
"884",85189
"885",85192
"890",85236
"895",85258
"897",85270
"913",85369
"919",85397
"922",85412
"936",85478
"941",85494
"944",85518
"954",85582
"956",85588
"961",85610
"967",85640
"969",85652
"970",85670
"973",85679
"977",85701
"978",85706
"979",85712
"981",85724
"990",85780
"996",85817
"998",85822
"999",85850
"1004",85876
"1006",85890
"1016",85960
"1020",85983
"1022",86002
"1025",86017
"1039",86142
"1044",86162
"1048",86188
"1050",86196
"1051",86199
"1058",86249
"1060",86257
"1061",86265
"1063",86270
"1065",86284
"1067",86295
"1071",86332
"1085",86437
"1101",86514
"1115",86600
"1116",86626
"1123",86681
"1126",86698
"1131",86729
"1132",86735
"1134",86746
"1139",86769
"1140",86786
"1142",86801
"1152",86853
"1156",86868
"1158",86880
"1169",86962
"1171",86972
"1177",87012
"1181",87039
"1183",87045
"1184",87048
"1199",87135
"1201",87141
"1211",87189
"1221",87272
"1225",87285
"1228",87300
"1232",87319
"1247",87416
"1248",87418
"1249",87424
"1253",87436
"1259",87467
"1265",87501
"1267",87516
"1279",87581
"1281",87590
"1283",87601
"1296",87679
"1298",87696
"1310",87751
"1324",87825
"1326",87842
"1331",87872
"1333",87878
"1334",87884
"1335",87890
"1337",87902
"1338",87905
"1341",87933
"1356",88023
"1358",88031
"1360",88049
"1365",88067
"1380",88149
"1391",88187
"1414",88342
"1422",88389
"1429",88428
"1430",88431
"1432",88437
"1433",88448
"1439",88478
"1443",88499
"1446",88529
"1456",88586
"1460",88596
"1462",88605
"1464",88611
"1466",88621
"1471",88661
"1474",88677
"1475",88683
"1480",88728
"1483",88746
"1487",88763
"1489",88773
"1493",88794
"1495",88800
"1498",88812
"1501",88833
"1502",88839
"1503",88841
"1505",88853
"1510",88872
"1511",88875
"1516",88902
"1518",88910
"1524",88935
"1525",88947
"1527",88974
"1531",88995
"1539",89035
"1546",89075
"1548",89086
"1554",89118
"1555",89124
"1556",89127
"1557",89132
"1559",89143
"1560",89146
"1561",89158
"1566",89175
"1567",89181
"1572",89201
"1573",89204
"1581",89266
"1584",89284
"1586",89294
"1598",89364
"1602",89377
"1603",89383
"1608",89451
"1610",89463
"1611",89467
"1620",89508
"1625",89525
"1634",89592
"1638",89618
"1641",89638
"1643",89647
"1644",89650
"1645",89653
"1647",89667
"1648",89672
"1649",89683
"1651",89707
"1652",89710
"1653",89713
"1655",89719
"1658",89731
"1665",89771
"1667",89786
"1668",89789
"1669",89801
"1671",89816
"1675",89834
"1677",89850
"1678",89853
"1683",89878
"1686",89892
"1689",89921
"1694",89953
"1695",89963
"1704",90003
"1717",90063
"1718",90066
"1724",90091
"1735",90172
"1736",90175
"1746",90220
"1750",90236
"1759",90322
"1762",90334
"1769",90384
"1777",90428
"1779",90445
"1786",90488
"1788",90508
"1791",90517
"1799",90561
"1804",90613
"1809",90666
"1811",90676
"1812",90683
"1813",90686
"1814",90705
"1820",90729
"1827",90745
"1830",90754
"1831",90761
"1833",90768
"1837",90780
"1842",90798
"1844",90821
"1846",90834
"1847",90849
"1858",90933
"1864",90975
"1869",91025
"1871",91042
"1874",91074
"1875",91082
"1878",91104
"1888",91152
"1892",91174
"1905",91241
"1909",91262
"1922",91338
"1926",91364
"1935",91422
"1944",91460
"1946",91466
"1952",91502
"1960",91535
"1961",91538
"1970",91583
"1972",91589
"1973",91609
"1988",91689
"1990",91709
"1992",91717
"2002",91765
"2004",91771
"2009",91800
"2011",91806
"2018",91845
"2020",91849
"2023",91861
"2027",91897
"2038",91939
"2040",91956
"2044",91978
"2047",92004
"2049",92009
"2057",92043
"2060",92051
"2062",92056
"2064",92062
"2068",92083
"2071",92092
"2072",92098
"2077",92127
"2079",92136
"2083",92159
"2085",92168
"2090",92196
"2095",92226
"2103",92278
"2106",92292
"2110",92312
"2111",92315
"2120",92362
"2125",92383
"2132",92430
"2137",92465
"2141",92480
"2145",92503
"2146",92512
"2149",92524
"2153",92545
"2159",92571
"2160",92574
"2165",92590
"2187",92734
"2189",92760
"2191",92772
"2197",92804
"2201",92848
"2204",92878
"2208",92893
"2210",92899
"2212",92915
"2215",92927
"2216",92930
"2217",92933
"2223",92962
"2230",93017
"2231",93020
"2232",93028
"2237",93051
"2238",93054
"2239",93060
"2242",93077
"2246",93116
"2248",93122
"2259",93172
"2261",93186
"2264",93201
"2269",93220
"2273",93239
"2281",93267
"2285",93276
"2286",93277
"2288",93279
"2295",93289
"2296",93290
"2297",93291
"2300",93298
"2305",93324
"2306",93327
"2317",93370
"2319",93376
"2338",93435
"2341",93445
"2354",93502
"2363",93533
"2380",93613
"2383",93620
"2388",93644
"2392",93656
"2404",93714
"2413",93740
"2422",93771
"2423",93779
"2438",93849
"2443",93867
"2444",93870
"2452",93900
"2459",93936
"2464",93952
"2465",93957
"2466",93960
"2469",93969
"2470",93977
"2478",94016
"2494",94091
"2495",94094
"2498",94108
"2500",94113
"2501",94116
"2506",94144
"2508",94155
"2513",94193
"2517",94222
"2518",94225
"2522",94236
"2523",94239
"2529",94270
"2532",94288
"2534",94310
"2544",94351
"2546",94357
"2548",94366
"2563",94421
"2565",94427
"2567",94433
"2570",94445
"2575",94460
"2580",94488
"2584",94504
"2586",94510
"2587",94516
"2591",94539
"2593",94545
"2597",94561
"2598",94564
"2599",94572
"2603",94593
"2611",94632
"2613",94643
"2614",94645
"2622",94680
"2623",94682
"2626",94694
"2627",94697
"2628",94703
"2629",94706
"2634",94728
"2638",94749
"2645",94794
"2646",94797
"2649",94812
"2652",94827
"2653",94836
"2655",94845
"2657",94850
"2661",94870
"2664",94882
"2665",94885
"2675",94930
"2680",94962
"2681",94965
"2685",94980
"2686",94986
"2689",94995
"2691",95004
"2692",95007
"2693",95010
"2695",95018
"2696",95021
"2698",95030
"2702",95044
"2703",95046
"2709",95069
"2721",95116
"2722",95120
"2731",95155
"2734",95172
"2737",95190
"2738",95196
"2740",95205
"2743",95214
"2747",95237
"2752",95254
"2757",95272
"2761",95292
"2764",95318
"2772",95359
"2774",95367
"2778",95381
"2784",95401
"2786",95409
"2790",95423
"2793",95435
"2794",95438
"2796",95446
"2799",95460
"2800",95463
"2801",95469
"2802",95478
"2803",95481
"2805",95498
"2806",95501
"2807",95504
"2810",95513
"2813",95523
"2814",95529
"2815",95535
"2817",95551
"2820",95564
"2821",95570
"2823",95581
"2828",95599
"2836",95624
"2848",95685
"2850",95702
"2853",95713
"2857",95730
"2858",95733
"2861",95745
"2862",95751
"2864",95757
"2867",95774
"2869",95785
"2871",95791
"2873",95800
"2877",95829
"2883",95862
"2885",95874
"2894",95915
"2897",95933
"2899",95942
"2901",95951
"2902",95957
"2907",95981
"2908",95989
"2909",95992
"2911",96001
"2917",96027
"2918",96030
"2919",96036
"2920",96039
"2923",96056
"2924",96062
"2936",96149
"2940",96163
"2941",96166
"2942",96169
"2943",96172
"2947",96204
"2948",96207
"2950",96215
"2952",96221
"2954",96227
"2959",96259
"2960",96262
"2962",96285
"2964",96293
"2966",96313
"2970",96340
"2973",96351
"2976",96362
"2978",96368
"2986",96412
"2987",96420
"2988",96423
"2993",96450
"2995",96465
"2998",96485
"2999",96488
"3005",96526
"3006",96531
"3007",96534
"3010",96559
"3011",96562
"3025",96623
"3032",96659
"3033",96662
"3035",96667
"3040",96698
"3044",96742
"3051",96805
"3055",96832
"3057",96837
"3058",96840
"3059",96854
"3060",96857
"3061",96860
"3065",96879
"3067",96888
"3071",96902
"3073",96907
"3080",96955
"3087",97004
"3094",97064
"3095",97075
"3096",97081
"3097",97087
"3099",97098
"3106",97127
"3110",97148
"3116",97186
"3118",97195
"3122",97218
"3124",97226
"3125",97231
"3126",97236
"3127",97239
"3128",97248
"3129",97251
"3130",97257
"3131",97265
"3139",97297
"3143",97335
"3155",97412
"3156",97415
"3158",97424
"3163",97450
"3165",97456
"3175",97519
"3176",97528
"3177",97537
"3178",97543
"3182",97559
"3184",97565
"3185",97568
"3196",97623
"3197",97626
"3198",97631
"3201",97657
"3209",97709
"3212",97724
"3216",97762
"3217",97767
"3219",97776
"3220",97777
"3227",97811
"3229",97820
"3231",97829
"3236",97857
"3248",97972
"3249",97975
"3251",97991
"3252",97994
"3255",98003
"3257",98011
"3258",98014
"3259",98021
"3262",98052
"3268",98099
"3269",98102
"3272",98111
"3273",98117
"3278",98164
"3279",98177
"3284",98201
"3286",98210
"3289",98222
"3292",98236
"3296",98262
"3297",98272
"3301",98288
"3302",98290
"3312",98339
"3313",98340
"3318",98367
"3319",98368
"3324",98378
"3328",98398
"3332",98408
"3335",98416
"3336",98422
"3337",98425
"3341",98432
"3347",98458
"3350",98464
"3358",98495
"3362",98505
"3367",98535
"3368",98538
"3370",98544
"3372",98551
"3374",98557
"3375",98567
"3376",98568
"3378",98574
"3379",98582
"3380",98585
"3386",98603
"3390",98639
"3396",98672
"3408",98751
"3409",98754
"3424",98831
"3425",98836
"3426",98849
"3429",98871
"3442",98951
"3444",98961
"3445",98967
"3446",98973
"3451",98997
"3458",99044
"3477",99179
"3481",99219
"3500",99331
"3503",99349
"3507",99374
"3510",99399
"3511",99408
"3512",99410
"3514",99419
"3517",99426
"3525",99464
"3530",99489
"3533",99518
"3535",99530
"3543",99575
"3544",99578
"3545",99587
"3546",99601
"3549",99619
"3550",99622
"3552",99631
"3561",99690
"3563",99706
"3564",99722
"3565",99725
"3577",99793
"3578",99795
"3579",99800
"3582",99812
"3586",99844
"3596",99914
"3597",99917
"3599",99923
"3601",99938
"3602",99943
"3606",99955
"3611",99988
"3613",100003
"3625",100053
"3626",100056
"3627",100061
"3629",100070
"3642",100174
"3646",100230
"3653",100263
"3654",100269
"3657",100284
"3664",100333
"3670",100355
"3671",100381
"3675",100398
"3690",100491
"3696",100522
"3698",100536
"3699",100544
"3700",100547
"3716",100639
"3718",100660
"3721",100686
"3722",100691
"3723",100694
"3724",100697
"3725",100700
"3728",100719
"3729",100725
"3730",100734
"3735",100755
"3737",100764
"3748",100843
"3752",100876
"3755",100889
"3757",100895
"3758",100898
"3764",100939
"3769",100963
"3771",100971
"3772",100974
"3777",101001
"3783",101024
"3784",101027
"3788",101060
"3792",101089
"3798",101116
"3803",101182
"3805",101187
"3810",101221
"3812",101227
"3814",101236
"3817",101268
"3823",101299
"3824",101301
"3827",101311
"3831",101330
"3832",101336
"3840",101386
"3842",101394
"3845",101410
"3847",101434
"3855",101501
"3859",101522
"3862",101536
"3866",101550
"3875",101590
"3876",101592
"3877",101598
"3880",101615
"3882",101621
"3883",101624
"3885",101633
"3886",101642
"3890",101668
"3891",101674
"3893",101686
"3894",101689
"3908",101775
"3913",101824
"3914",101827
"3926",101904
"3936",101979
"3937",101982
"3938",101988
"3941",102001
"3944",102020
"3950",102065
"3952",102093
"3954",102102
"3955",102120
"3959",102159
"3960",102174
"3963",102188
"3966",102206
"3970",102229
"3971",102237
"3974",102255
"3977",102264
"3978",102288
"3979",102294
"3983",102321
"3984",102335
"3993",102407
"3996",102431
"3998",102440
"4000",102446
"4001",102452
"4002",102455
"4003",102461
"4005",102473
"4012",102515
"4015",102545
"4021",102595
"4026",102633
"4028",102649
"4036",102730
"4037",102733
"4042",102755
"4043",102760
"4047",102802
"4048",102811
"4052",102829
"4058",102854
"4059",102860
"4060",102863
"4061",102866
"4062",102868
"4065",102892
"4071",102930
"4073",102948
"4076",102966
"4085",103029
"4091",103079
"4096",103106
"4097",103109
"4099",103123
"4102",103131
"4103",103134
"4109",103192
"4111",103201
"4115",103246
"4118",103260
"4119",103263
"4122",103308
"4125",103322
"4130",103356
"4133",103367
"4134",103373
"4136",103392
"4149",103459
"4150",103462
"4151",103463
"4155",103478
"4159",103501
"4162",103511
"4181",103581
"4182",103584
"4183",103590
"4191",103612
"4197",103632
"4198",103635
"4200",103642
"4203",103653
"4206",103665
"4209",103679
"4211",103682
"4217",103717
"4220",103725
"4222",103729
"4223",103730
"4237",103776
"4242",103793
"4244",103799
"4245",103802
"4252",103862
"4262",103937
"4272",104004
"4273",104007
"4287",104076
"4289",104081
"4297",104118
"4300",104127
"4306",104142
"4310",104156
"4311",104158
"4313",104167
"4319",104191
"4321",104207
"4322",104210
"4323",104212
"4324",104213
"4327",104232
"4333",104263
"4334",104265
"4335",104271
"4337",104287
"4338",104290
"4344",104327
"4346",104342
"4349",104358
"4350",104366
"4352",104375
"4353",104388
"4355",104401
"4356",104404
"4360",104445
"4361",104448
"4366",104476
"4371",104496
"4375",104525
"4384",104566
"4392",104617
"4393",104626
"4399",104661
"4416",104755
"4430",104836
"4431",104842
"4438",104872
"4444",104902
"4446",104910
"4449",104922
"4451",104930
"4452",104933
"4454",104944
"4457",104956
"4459",104965
"4461",104971
"4465",104999
"4470",105024
"4471",105027
"4473",105033
"4474",105045
"4475",105051
"4476",105054
"4479",105068
"4480",105071
"4481",105074
"4483",105080
"4488",105089
"4490",105091
"4492",105094
"4493",105095
"4498",105103
"4500",105106
"4502",105109
"4508",105124
"4513",105168
"4518",105185
"4547",105353
"4551",105370
"4553",105376
"4554",105379
"4560",105405
"4561",105408
"4563",105422
"4571",105479
"4572",105490
"4578",105522
"4588",105567
"4591",105576
"4600",105617
"4604",105636
"4612",105672
"4613",105673
"4618",105707
"4619",105712
"4626",105737
"4629",105744
"4646",105814
"4654",105839
"4657",105860
"4667",105913
"4668",105916
"4669",105919
"4670",105927
"4671",105933
"4675",105968
"4695",106086
"4697",106090
"4702",106123
"4703",106128
"4713",106187
"4714",106195
"4719",106216
"4721",106222
"4728",106246
"4734",106291
"4741",106331
"4745",106360
"4746",106369
"4747",106371
"4749",106390
"4751",106399
"4752",106402
"4753",106405
"4756",106422
"4759",106446
"4760",106449
"4762",106455
"4768",106476
"4769",106477
"4770",106478
"4771",106482
"4774",106488
"4776",106497
"4780",106515
"4784",106550
"4794",106587
"4796",106607
"4797",106612
"4798",106615
"4799",106642
"4800",106645
"4806",106676
"4808",106682
"4818",106717
"4820",106727
"4822",106736
"4827",106769
"4829",106777
"4833",106794
"4835",106800
"4838",106808
"4839",106811
"4842",106825
"4844",106833
"4846",106838
"4848",106842
"4851",106852
"4853",106856
"4856",106864
"4862",106892
"4864",106914
"4883",107030
"4888",107059
"4899",107109
"4904",107123
"4913",107168
"4914",107171
"4919",107188
"4920",107189
"4924",107205
"4928",107226
"4930",107238
"4936",107274
"4939",107282
"4940",107283
"4945",107340
"4953",107394
"4955",107428
"4959",107456
"4964",107498
"4965",107500
"4967",107522
"4977",107591
"4979",107610
"4980",107617
"4982",107631
"4994",107689
"4997",107707
"5003",107736
"5005",107753
"5007",107773
"5013",107808
"5017",107841
"5018",107843
"5021",107864
"5026",107894
"5031",107918
"5038",107950
"5042",107972
"5064",108088
"5068",108105
"5072",108141
"5077",108159
"5079",108189
"5081",108202
"5082",108211
"5086",108228
"5096",108286
"5100",108315
"5109",108363
"5112",108375
"5116",108400
"5118",108408
"5121",108431
"5128",108468
"5129",108473
"5131",108483
"5134",108507
"5136",108519
"5137",108525
"5139",108537
"5147",108563
"5153",108594
"5162",108661
"5165",108671
"5173",108701
"5178",108736
"5181",108748
"5184",108758
"5185",108772
"5186",108778
"5187",108784
"5188",108787
"5189",108793
"5204",108906
"5206",108912
"5208",108919
"5209",108949
"5210",108952
"5211",108955
"5214",108969
"5222",109001
"5224",109037
"5227",109077
"5228",109083
"5232",109097
"5233",109106
"5241",109138
"5253",109207
"5255",109213
"5258",109222
"5260",109233
"5269",109270
"5270",109278
"5275",109306
"5276",109309
"5280",109333
"5283",109346
"5286",109373
"5295",109422
"5297",109446
"5300",109464
"5308",109493
"5310",109496
"5312",109505
"5319",109528
"5324",109549
"5325",109560
"5327",109568
"5328",109569
"5329",109572
"5334",109588
"5337",109593
"5338",109600
"5339",109604
"5340",109605
"5342",109607
"5346",109637
"5347",109640
"5349",109645
"5351",109647
"5360",109669
"5361",109673
"5365",109701
"5367",109714
"5370",109722
"5398",109822
"5402",109841
"5410",109882
"5413",109897
"5414",109908
"5416",109917
"5417",109919
"5428",109980
"5445",110051
"5458",110133
"5461",110153
"5470",110177
"5475",110196
"5476",110197
"5477",110198
"5478",110199
"5479",110200
"5481",110202
"5484",110211
"5488",110220
"5493",110241
"5495",110247
"5500",110269
"5503",110289
"5504",110292
"5507",110304
"5511",110333
"5513",110345
"5514",110348
"5525",110414
"5527",110425
"5531",110441
"5532",110447
"5537",110475
"5539",110481
"5548",110509
"5551",110512
"5552",110515
"5568",110590
"5575",110634
"5578",110654
"5599",110736
"5603",110763
"5605",110769
"5635",110939
"5636",110957
"5637",110961
"5638",110967
"5644",111001
"5646",111012
"5648",111021
"5654",111062
"5675",111180
"5677",111189
"5688",111230
"5697",111272
"5698",111282
"5699",111287
"5703",111308
"5717",111378
"5719",111390
"5724",111422
"5736",111540
"5737",111558
"5746",111631
"5749",111639
"5756",111695
"5783",111852
"5784",111853
"5797",111887
"5815",111960
"5824",112003
"5828",112022
"5831",112031
"5833",112046
"5835",112061
"5836",112064
"5840",112083
"5848",112126
"5850",112135
"5855",112158
"5860",112182
"5863",112200
"5864",112203
"5872",112237
"5874",112243
"5875",112246
"5881",112269
"5883",112273
"5886",112287
"5887",112290
"5896",112344
"5897",112350
"5898",112355
"5903",112391
"5906",112405
"5909",112414
"5910",112417
"5911",112420
"5914",112446
"5920",112503
"5925",112533
"5938",112596
"5939",112597
"5943",112601
"5954",112624
"5957",112631
"5959",112633
"5961",112635
"5969",112679
"5975",112700
"5976",112703
"5978",112712
"5988",112758
"5992",112775
"5995",112783
"5997",112792
"6000",112802
"6001",112807
"6002",112809
"6006",112824
"6019",112892
"6023",112913
"6025",112925
"6027",112939
"6030",112952
"6033",112967
"6035",112971
"6045",113017
"6050",113037
"6053",113051
"6054",113054
"6063",113102
"6064",113105
"6066",113111
"6078",113135
"6083",113158
"6084",113166
"6085",113169
"6087",113174
"6088",113187
"6091",113196
"6097",113220
"6098",113223
"6104",113265
"6112",113306
"6113",113309
"6114",113312
"6116",113318
"6119",113343
"6125",113375
"6130",113398
"6134",113417
"6138",113433
"6141",113454
"6142",113457
"6144",113463
"6146",113489
"6147",113492
"6150",113504
"6152",113523
"6153",113529
"6154",113532
"6156",113540
"6158",113551
"6160",113570
"6161",113582
"6162",113585
"6171",113633
"6180",113683
"6182",113702
"6189",113729
"6191",113744
"6192",113753
"6198",113774
"6199",113777
"6201",113782
"6203",113788
"6208",113822
"6214",113863
"6215",113866
"6216",113875
"6218",113886
"6224",113917
"6228",113944
"6229",113952
"6232",113971
"6233",113973
"6234",113976
"6244",114007
"6253",114051
"6254",114054
"6260",114087
"6274",114182
"6275",114185
"6276",114188
"6277",114191
"6278",114194
"6284",114226
"6285",114237
"6287",114243
"6292",114261
"6294",114269
"6296",114284
"6298",114289
"6300",114298
"6301",114304
"6302",114307
"6303",114312
"6304",114315
"6306",114321
"6308",114326
"6309",114332
"6317",114368
"6325",114402
"6326",114412
"6329",114430
"6330",114433
"6332",114445
"6342",114509
"6346",114560
"6347",114578
"6349",114589
"6355",114634
"6366",114705
"6374",114734
"6376",114738
"6384",114785
"6387",114796
"6389",114800
"6392",114815
"6394",114824
"6409",114870
"6416",114918
"6417",114921
"6420",114935
"6423",114953
"6424",114956
"6430",114987
"6431",114990
"6433",114996
"6434",114999
"6438",115023
"6440",115032
"6444",115051
"6445",115057
"6449",115082
"6451",115096
"6453",115100
"6461",115149
"6466",115170
"6467",115178
"6478",115247
"6485",115288
"6488",115297
"6490",115306
"6491",115309
"6493",115317
"6494",115320
"6496",115327
"6497",115338
"6498",115346
"6525",115509
"6531",115535
"6532",115541
"6533",115544
"6539",115565
"6542",115574
"6546",115585
"6547",115591
"6551",115621
"6555",115639
"6558",115656
"6559",115659
"6562",115667
"6563",115670
"6568",115695
"6576",115749
"6577",115755
"6580",115772
"6581",115783
"6583",115789
"6585",115799
"6586",115800
"6587",115801
"6588",115802
"6589",115803
"6600",115854
"6602",115863
"6605",115872
"6610",115901
"6614",115912
"6625",115969
"6633",115999
"6637",116022
"6638",116034
"6640",116042
"6641",116046
"6644",116060
"6646",116064
"6647",116074
"6657",116119
"6659",116128
"6662",116136
"6664",116147
"6666",116165
"6678",116210
"6684",116226
"6687",116244
"6689",116250
"6691",116258
"6692",116261
"6693",116267
"6695",116270
"6696",116276
"6697",116279
"6702",116360
"6703",116361
"6706",116370
"6707",116371
"6708",116373
"6709",116375
"6714",116399
"6719",116474
"6726",116504
"6741",116576
"6742",116585
"6744",116591
"6750",116630
"6753",116639
"6756",116648
"6762",116672
"6769",116696
"6771",116702
"6778",116744
"6780",116753
"6792",116810
"6793",116812
"6795",116816
"6812",116883
"6829",117000
"6835",117027
"6837",117036
"6848",117102
"6852",117117
"6853",117129
"6855",117135
"6857",117147
"6858",117150
"6859",117153
"6865",117171
"6866",117174
"6867",117180
"6868",117182
"6879",117256
"6881",117277
"6882",117292
"6883",117295
"6905",117409
"6917",117466
"6923",117499
"6925",117511
"6926",117517
"6928",117526
"6936",117562
"6943",117628
"6946",117643
"6950",117673
"6951",117676
"6955",117700
"6956",117718
"6963",117751
"6966",117796
"6968",117808
"6972",117847
"6976",117880
"6977",117883
"6979",117892
"6980",117895
"6982",117937
"6985",117976
"6987",117985
"6992",118009
"6995",118021
"6996",118027
"6997",118033
"7000",118057
"7006",118090
"7007",118099
"7009",118105
"7015",118141
"7016",118144
"7017",118150
"7019",118159
"7021",118165
"7028",118225
"7029",118231
"7030",118240
"7031",118243
"7032",118249
"7036",118273
"7037",118276
"7039",118294
"7043",118321
"7044",118330
"7047",118342
"7048",118345
"7050",118372
"7053",118390
"7056",118408
"7063",118465
"7064",118468
"7070",118513
"7090",118630
"7095",118678
"7099",118708
"7101",118717
"7102",118720
"7106",118741
"7110",118759
"7113",118768
"7114",118771
"7123",118807
"7126",118831
"7129",118858
"7130",118861
"7137",118885
"7142",118912
"7143",118918
"7144",118924
"7147",118936
"7148",118942
"7149",118951
"7153",118972
"7155",118978
"7156",118987
"7158",118996
"7160",119005
"7163",119023
"7165",119044
"7173",119077
"7174",119080
"7180",119116
"7183",119149
"7188",119179
"7189",119182
"7190",119188
"7192",119200
"7193",119203
"7194",119206
"7195",119212
"7204",119317
"7205",119320
"7208",119329
"7221",119431
"7222",119452
"7224",119464
"7227",119512
"7231",119554
"7234",119569
"7249",119704
"7251",119713
"7256",119731
"7257",119743
"7271",119881
"7272",119890
"7274",119917
"7277",119932
"7287",120007
"7289",120019
"7294",120043
"7297",120052
"7303",120088
"7305",120094
"7317",120172
"7318",120175
"7319",120178
"7322",120202
"7328",120220
"7338",120271
"7340",120277
"7343",120292
"7347",120304
"7352",120325
"7353",120331
"7356",120346
"7357",120349
"7361",120385
"7362",120391
"7363",120394
"7364",120400
"7365",120403
"7367",120412
"7369",120421
"7374",120451
"7382",120499
"7385",120514
"7387",120562
"7389",120583
"7394",120613
"7396",120628
"7407",120682
"7411",120696
"7422",120752
"7426",120815
"7435",120839
"7438",120850
"7443",120874
"7450",120902
"7456",120923
"7457",120925
"7463",120956
"7464",120957
"7468",120976
"7472",120983
"7473",120990
"7474",120991
"7475",120992
"7479",121001
"7480",121002
"7482",121011
"7485",121024
"7487",121028
"7488",121035
"7490",121042
"7492",121050
"7496",121061
"7498",121076
"7500",121085
"7507",121111
"7508",121112
"7510",121120
"7512",121320
"7517",121350
"7521",121380
"7523",121386
"7526",121401
"7528",121407
"7530",121419
"7532",121440
"7533",121443
"7543",121491
"7544",121506
"7554",121542
"7556",121566
"7560",121596
"7562",121605
"7565",121623
"7567",121647
"7572",121668
"7579",121685
"7586",122115
"7587",122118
"7593",122145
"7594",122148
"7595",122154
"7596",122157
"7597",122163
"7606",122211
"7610",122241
"7612",122250
"7617",122271
"7618",122277
"7622",122310
"7629",122346
"7630",122352
"7632",122358
"7637",122388
"7641",122415
"7647",122437
"7650",122442
"7654",122457
"7657",122472
"7658",122475
"7659",122480
"7661",122485
"7664",122490
"7665",122497
"7666",122505
"7667",122506
"7672",122512
"7675",122531
"7676",122534
"7680",122549
"7688",122591
"7692",122603
"7694",122615
"7695",122618
"7696",122621
"7707",122690
"7708",122693
"7710",122699
"7716",122726
"7724",122759
"7725",122762
"7728",122786
"7735",122819
"7737",122828
"7739",122840
"7742",122870
"7745",122879
"7746",122882
"7747",122883
"7749",122889
"7750",122895
"7755",122904
"7756",122907
"7757",122910
"7758",122911
"7759",122912
"7760",122913
"7761",122916
"7763",122920
"7773",124959
"7778",124986
"7796",125115
"7798",125124
"7801",125139
"7802",125151
"7804",125157
"7807",125181
"7811",125205
"7813",125214
"7820",125241
"7823",125250
"7824",125253
"7830",125280
"7833",125313
"7838",125337
"7839",125340
"7841",125346
"7848",125406
"7856",125454
"7860",125469
"7862",125478
"7871",125506
"7873",125508
"7874",125509
"7877",125512
"7879",125521
"7881",125524
"7882",125526
"7889",125553
"7890",125554
"7891",125555
"7892",125556
"7894",125558
"7899",126158
"7900",126164
"7902",126176
"7906",126197
"7914",126236
"7921",126272
"7924",126281
"7926",126293
"7928",126302
"7934",126323
"7938",126338
"7940",126344
"7942",126350
"7944",126356
"7945",126359
"7948",126371
"7949",126377
"7952",126389
"7954",126395
"7974",126513
"7976",126517
"7981",126532
"7983",126549
"7985",126553
"7991",126585
"7993",126594
"7994",126603
"8000",126651
"8001",126654
"8003",126663
"8008",126678
"8012",126696
"8013",126699
"8014",126705
"8021",126738
"8028",126780
"8029",126786
"8032",126807
"8034",126813
"8035",126816
"8042",126852
"8046",126882
"8052",126903
"8055",126912
"8056",126918
"8057",126921
"8058",126930
"8067",126987
"8071",127008
"8072",127011
"8075",127029
"8076",127035
"8081",127056
"8083",127065
"8085",127076
"8089",127082
"8097",127119
"8100",127128
"8105",127158
"8110",127188
"8120",127272
"8121",127275
"8122",127278
"8134",127341
"8135",127350
"8136",127353
"8138",127371
"8139",127374
"8142",127389
"8143",127398
"8144",127407
"8149",127431
"8152",127439
"8154",127446
"8156",127448
"8160",127453
"8170",127503
"8172",127527
"8173",127530
"8176",127542
"8179",127557
"8182",127569
"8184",127596
"8188",127617
"8190",127623
"8194",127641
"8198",127662
"8200",127668
"8204",127680
"8205",127692
"8207",127701
"8211",127725
"8216",127752
"8223",127779
"8226",127797
"8227",127806
"8230",127827
"8237",127881
"8241",127896
"8242",127899
"8243",127923
"8245",127929
"8252",127959
"8255",127977
"8259",128001
"8262",128016
"8263",128019
"8265",128025
"8266",128037
"8267",128043
"8273",128079
"8277",128106
"8283",128127
"8285",128154
"8288",128169
"8290",128190
"8291",128208
"8292",128211
"8295",128235
"8304",128307
"8305",128313
"8309",128367
"8316",128424
"8318",128475
"8319",128481
"8328",128508
"8335",128556
"8341",128598
"8342",128601
"8346",128613
"8349",128625
"8353",128655
"8355",128664
"8358",128679
"8359",128688
"8363",128709
"8365",128721
"8366",128727
"8367",128730
"8370",128739
"8372",128751
"8373",128754
"8375",128778
"8376",128793
"8378",128805
"8379",128814
"8384",128865
"8387",128892
"8388",128898
"8389",128907
"8390",128913
"8392",128919
"8393",128940
"8394",128949
"8398",128979
"8399",128991
"8400",128997
"8401",129000
"8406",129042
"8412",129084
"8418",129129
"8422",129150
"8423",129153
"8426",129167
"8436",129215
"8438",129223
"8440",129230
"8442",129237
"8443",129238
"8444",129242
"8447",129247
"8448",129248
"8450",129264
"8451",129265
"8459",129302
"8460",129308
"8463",129322
"8466",129335
"8467",129336
"8468",129348
"8474",129405
"8478",129423
"8481",129432
"8487",129486
"8488",129495
"8489",129504
"8490",129513
"8493",129531
"8509",129612
"8510",129615
"8512",129624
"8513",129651
"8514",129654
"8515",129669
"8518",129684
"8523",129717
"8527",129747
"8529",129774
"8530",129780
"8532",129798
"8537",129822
"8540",129834
"8543",129844
"8546",129858
"8547",129865
"8549",129872
"8550",129876
"8553",129885
"8554",129886
"8560",129920
"8567",129965
"8574",130010
"8578",130028
"8581",130040
"8585",130064
"8586",130067
"8591",130088
"8592",130094
"8599",130127
"8601",130142
"8603",130154
"8605",130169
"8610",130211
"8615",130232
"8619",130265
"8620",130271
"8621",130277
"8625",130319
"8626",130322
"8627",130328
"8628",130332
"8630",130353
"8636",130396
"8642",130417
"8644",130423
"8647",130435
"8648",130438
"8650",130450
"8653",130468
"8655",130477
"8656",130480
"8661",130507
"8665",130537
"8668",130555
"8672",130573
"8673",130576
"8677",130597
"8686",130648
"8694",130687
"8696",130696
"8703",130735
"8706",130759
"8707",130774
"8708",130780
"8712",130810
"8716",130837
"8717",130838
"8726",130861
"8735",130896
"8747",130986
"8750",131001
"8751",131004
"8753",131010
"8757",131031
"8758",131037
"8761",131055
"8762",131061
"8763",131067
"8764",131076
"8765",131082
"8769",131094
"8772",131103
"8774",131109
"8778",131133
"8779",131136
"8780",131139
"8781",131145
"8787",131172
"8790",131193
"8792",131199
"8794",131205
"8808",131279
"8813",131309
"8818",131327
"8820",131336
"8824",131360
"8829",131384
"8831",131399
"8833",131405
"8836",131423
"8838",131444
"8839",131447
"8840",131450
"8842",131456
"8850",131510
"8852",131534
"8854",131543
"8855",131546
"8858",131567
"8863",131612
"8865",131622
"8866",131624
"8867",131627
"8874",131666
"8877",131690
"8888",131768
"8889",131780
"8890",131783
"8891",131795
"8892",131798
"8904",131852
"8909",131903
"8910",131909
"8923",132011
"8924",132035
"8930",132071
"8932",132083
"8934",132095
"8938",132107
"8940",132112
"8942",132119
"8945",132131
"8946",132133
"8951",132164
"8957",132218
"8959",132224
"8965",132287
"8966",132293
"8967",132296
"8968",132305
"8975",132347
"8976",132350
"8980",132380
"8986",132401
"8988",132419
"8994",132470
"8999",132503
"9000",132521
"9005",132554
"9008",132590
"9017",132645
"9020",132656
"9022",132658
"9024",132665
"9026",132672
"9035",132731
"9036",132734
"9039",132746
"9040",132752
"9043",132779
"9049",132800
"9055",132827
"9058",132866
"9059",132869
"9069",132947
"9070",132950
"9074",132981
"9082",133007
"9084",133020
"9085",133021
"9093",133067
"9094",133073
"9095",133079
"9097",133091
"9104",133136
"9105",133142
"9108",133151
"9110",133175
"9113",133214
"9117",133228
"9118",133229
"9121",133240
"9130",134758
"9132",134773
"9136",134803
"9141",134827
"9146",134851
"9148",134860
"9150",134875
"9159",134941
"9172",135034
"9179",135067
"9180",135070
"9187",135097
"9190",135127
"9191",135130
"9200",135202
"9202",135217
"9206",135250
"9220",135358
"9221",135373
"9222",135379
"9233",135484
"9237",135538
"9239",135559
"9240",135568
"9241",135598
"9243",135640
"9254",135684
"9259",135700
"9266",136013
"9283",138518
"9294",138605
"9295",138608
"9308",138776
"9313",138812
"9327",138929
"9328",138932
"9332",138956
"9336",138989
"9341",139010
"9343",139046
"9346",139070
"9348",139100
"9350",139109
"9352",139151
"9353",139154
"9356",139166
"9360",139184
"9371",139281
"9374",139299
"9377",139307
"9385",139427
"9389",139445
"9394",139505
"9397",139520
"9402",139601
